{
  "users": [
    {
      "id": "4ed1",
      "username": "Prueba",
      "password": "prueba",
      "name": "Prueba pepito",
      "email": "pruebaPepito@gmail.com",
      "gender": "female",
      "score": 0,
      "userInfo": {
        "gamesPlayed": [],
        "gamesWinned": [],
        "gamesUnlocked": [
          "fa5ce516-1c26-4018-9d98-9225068ccc18",
          "b97bf75d-5764-46b5-be5e-fe4df0d0af4a",
          "3ed4a416-12c4-4a0e-98e6-48fa7b6e7d3e",
          "5aabf3c9-8h7d-4f6a-902a-99123f0e3f2c"        
        ],
        "gamesLocked": [],
        "theme": "dark"
      }
    },
    {
      "id": "b85e",
      "username": "Juan",
      "password": "1234",
      "name": "Juanito",
      "email": "juanito777@gmail.com",
      "gender": "male",
      "score": 0,
      "userInfo": {
        "gamesPlayed": null,
        "gamesWinned": null,
        "gamesUnlocked": null,
        "gamesLocked": null,
        "theme": "dark"
      }
    },
    {
      "id": "1a4b",
      "username": "Pichulilla",
      "password": "prueba",
      "name": "Pepote prueba",
      "email": "pichulillachula@gmail.com",
      "gender": "female",
      "score": 0,
      "userInfo": {
        "gamesPlayed": [],
        "gamesWinned": [],
        "gamesUnlocked": [
          "b97bf75d-5764-46b5-be5e-fe4df0d0af4a"
        ],
        "gamesLocked": [],
        "theme": "dark"
      }
    },
    {
      "id": "88a2",
      "username": "Potillo",
      "password": "prueba",
      "name": "Potillo Prueba Gómez",
      "email": "potitopotilloprueba@gmail.com",
      "gender": "female",
      "score": 0,
      "userInfo": {
        "gamesPlayed": [],
        "gamesWinned": [],
        "gamesUnlocked": [
          "fa5ce516-1c26-4018-9d98-9225068ccc18",
          "b97bf75d-5764-46b5-be5e-fe4df0d0af4a",
          "3ed4a416-12c4-4a0e-98e6-48fa7b6e7d3e",
          "5aabf3c9-8h7d-4f6a-902a-99123f0e3f2c"
        ],
        "gamesLocked": [],
        "theme": "dark"
      }
    }
  ]
}